"","pathCR","SampleID","FinalCleanSeqs","RunID","SampleName","SampleType","RecordID","days.from.start","Timepoint","TimeCat1","TimeCat2","Arm","Sex","Age","modSmoker","modHistology","Location","Clinical.stage","Surgery","CAP.regression.by.central.review","path90","Death","Recurrence","OS.months","RFS.months","pathCR90Comp","cap.agg","PC1","PC2","PC3","PC1.centroid","PC2.centroid"
"1","PathCR 0","H0846",9792,"Run6.7","B16114.0023.09072017","Feces","MD043.001",14,"OnTX","other","first2","A","M",56,0,1,"GEJ","3A",1,"G2","0",0,1,50.45901639,41.01639344,"path90-CR-","G1-G3",-0.491357594560131,0.0855150099367226,-0.164106537069408,-0.0395283036119321,0.0801200492403529
"2","PathCR 0","J0076",100074,"Run15","J1714.TX012.032.03042020","Feces","TX012.032",2,"OnTX","other","first2","B2","M",70,0,1,"GEJ","2A",1,"G2","0",0,0,21.7704918,21.7704918,"path90-CR-","G1-G3",-0.0958947597929631,-0.365804761922279,0.0557572616098974,-0.0395283036119321,0.0801200492403529
"3","PathCR 0","J0058",58093,"Run15","J1714.TX012.032.03022020","Feces","TX012.032",0,"PreTX","first","first2","B2","M",70,0,1,"GEJ","2A",1,"G2","0",0,0,21.7704918,21.7704918,"path90-CR-","G1-G3",-0.57325534062111,-0.0957498073511758,-0.0754207993126649,-0.0395283036119321,0.0801200492403529
"4","PathCR 0","H0613",22015,"Run6.7","B16114.0055.04112018","Feces","MD043.009",12,"OnTX","other","first2","A","M",64,1,1,"GEJ","2B",1,"G1","1",0,1,44.26229508,32.72131148,"path90+CR-","G1-G3",-0.184157664706846,0.227643407397431,0.095504776238377,-0.0395283036119321,0.0801200492403529
"5","PathCR 0","H0571",38751,"Run6.7","B16114.0059.05072018","Feces","MD043.010",-3,"PreTX","first","first2","A","M",71,0,1,"esophagus","2A",1,"G2","0",1,1,20.42622951,3.672131148,"path90-CR-","G1-G3",0.739381345710473,-0.569398814432996,0.239474615534225,-0.0395283036119321,0.0801200492403529
"6","PathCR 0","H0886",27895,"Run6.7","B16114.0055.03302018","Feces","MD043.009",0,"PreTX","first","first2","A","M",64,1,1,"GEJ","2B",1,"G1","1",0,1,44.26229508,32.72131148,"path90+CR-","G1-G3",-0.699358358370987,-0.338541881411091,-0.0193253318656259,-0.0395283036119321,0.0801200492403529
"7","PathCR 0","H0800",28519,"Run6.7","B16114.0023.08242017","Feces","MD043.001",0,"PreTX","first","first2","A","M",56,0,1,"GEJ","3A",1,"G2","0",0,1,50.45901639,41.01639344,"path90-CR-","G1-G3",0.120588415296219,0.426267795022308,-0.259898734084484,-0.0395283036119321,0.0801200492403529
"8","PathCR 0","J0038",61203,"Run15","J1714.PA009.036.02182021","Feces","PA009.036",13,"OnTX","other","first2","B2","M",57,1,1,"esophagus","2B",1,"G1","1",0,0,9.049180328,9.049180328,"path90+CR-","G1-G3",0.382677351410219,-0.671304711988032,0.136021848949608,-0.0395283036119321,0.0801200492403529
"9","PathCR 0","J0020",59109,"Run15","J1714.PA009.036.02052021","Feces","PA009.036",0,"PreTX","first","first2","B2","M",57,1,1,"esophagus","2B",1,"G1","1",0,0,9.049180328,9.049180328,"path90+CR-","G1-G3",0.0111938177624027,-0.769071937109171,0.0142625012769784,-0.0395283036119321,0.0801200492403529
"10","PathCR 0","M0852",23053,"Run08","PA009.030.08062019","Feces","PA009.030",0,"PreTX","first","first2","B","M",71,0,1,"esophagus","3A",1,"G2","0",0,0,27.73770492,27.73770492,"path90-CR-","G1-G3",0.27016595246969,0.528456637403504,-0.101072588898615,-0.0395283036119321,0.0801200492403529
"11","PathCR 0","H0627",30469,"Run6.7","MD043.016.07182018","Feces","MD043.016",0,"PreTX","first","first2","A","M",59,0,1,"esophagus","2B",1,"G2","0",0,1,41.80327869,29.3442623,"path90-CR-","G1-G3",-0.341839813604389,-0.0349392866273164,-0.0232847939936417,-0.0395283036119321,0.0801200492403529
"12","PathCR 0","J0054",162151,"Run15","J1714.MD043.035.01152021","Feces","MD043.035",0,"PreTX","first","first2","B2","M",70,0,1,"esophagus","3A",1,"G2","0",0,0,11.70491803,11.70491803,"path90-CR-","G1-G3",-0.362791827317214,0.144368904910416,0.166382694614084,-0.0395283036119321,0.0801200492403529
"13","PathCR 0","J0072",68337,"Run15","J1714.MD043.035.01292021","Feces","MD043.035",14,"OnTX","other","first2","B2","M",70,0,1,"esophagus","3A",1,"G2","0",0,0,11.70491803,11.70491803,"path90-CR-","G1-G3",-0.301186903317894,0.221591726332098,0.149328988219924,-0.0395283036119321,0.0801200492403529
"14","PathCR 0","H0618",27668,"Run6.7","B16114.0059.05232018","Feces","MD043.010",13,"OnTX","other","first2","A","M",71,0,1,"esophagus","2A",1,"G2","0",1,1,20.42622951,3.672131148,"path90-CR-","G1-G3",-0.269329082344431,0.0442617842578268,-0.033570263976837,-0.0395283036119321,0.0801200492403529
"15","PathCR 0","H0735",34526,"Run6.7","MD043.016","Feces","MD043.016",14,"OnTX","other","first2","A","M",59,0,1,"esophagus","2B",1,"G2","0",0,1,41.80327869,29.3442623,"path90-CR-","G1-G3",-0.0381584352805791,-0.0484218731553935,-0.223814680518145,-0.0395283036119321,0.0801200492403529
"16","PathCR 0","J0003",62570,"Run15","J1714.MD043.039.07022021","Feces","MD043.039",0,"PreTX","first","first2","B2","M",65,0,1,"esophagus","3A",1,"G2","0",0,0,6.786885246,6.786885246,"path90-CR-","G1-G3",-0.113098708985593,0.0636487554405247,0.0631340072419015,-0.0395283036119321,0.0801200492403529
"17","PathCR 0","J0001",51354,"Run15","J1714.MD043.031.02042020","Feces","MD043.031",0,"PreTX","first","first2","B2","F",64,0,2,"esophagus","2B",1,"G1","1",0,0,18.6557377,18.6557377,"path90+CR-","G1-G3",-0.420691208721698,0.437383532003273,0.247468130815781,-0.0395283036119321,0.0801200492403529
"18","PathCR 0","M0853",21364,"Run08","PA009.030.08262019","Feces","PA009.030",20,"OnTX","other","first2","B","M",71,0,1,"esophagus","3A",1,"G2","0",0,0,27.73770492,27.73770492,"path90-CR-","G1-G3",0.135273478219574,0.536851723623746,0.0189234027063165,-0.0395283036119321,0.0801200492403529
"19","PathCR 0","M0845",29933,"Run08","PA009.029.07312019","Feces","PA009.029",-2,"PreTX","first","first2","B","M",68,1,1,"esophagus","2B",1,"G1","1",0,0,27.47540984,27.47540984,"path90+CR-","G1-G3",-0.091009741163131,0.45835231595006,0.803446623025676,-0.0395283036119321,0.0801200492403529
"20","PathCR 0","M0846",26693,"Run08","PA009.029.08232019","Feces","PA009.029",21,"OnTX","other","first2","B","M",68,1,1,"esophagus","2B",1,"G1","1",0,0,27.47540984,27.47540984,"path90+CR-","G1-G3",0.0542200930351283,0.523835023038746,0.737123602401001,-0.0395283036119321,0.0801200492403529
"21","PathCR 0","M0840",25597,"Run08","MD043.028.07122019","Feces","MD043.028",36,"OnTX","other","first2","B","M",65,1,1,"esophagus","2B",1,"G2","0",0,0,26.62295082,26.62295082,"path90-CR-","G1-G3",0.293540740905683,0.318603591962951,-0.22487201000221,-0.0395283036119321,0.0801200492403529
"22","PathCR 0","J0018",55282,"Run15","J1714.MD043.031.02182020","Feces","MD043.031",14,"OnTX","other","first2","B2","F",64,0,2,"esophagus","2B",1,"G1","1",0,0,18.6557377,18.6557377,"path90+CR-","G1-G3",-0.45285624656095,0.312821417413683,0.103902048379207,-0.0395283036119321,0.0801200492403529
"23","PathCR 0","H0684",40428,"Run6.7","MD043.014.07052018","Feces","MD043.014",14,"OnTX","other","first2","A","M",73,0,2,"esophagus","2A",1,"G1","1",1,1,10.68852459,7.803278689,"path90+CR-","G1-G3",0.485895720923003,-0.355324184024012,0.291299734905645,-0.0395283036119321,0.0801200492403529
"24","PathCR 0","M0831",31966,"Run08","MD043.022.12132018","Feces","MD043.022",28,"OnTX","other","first2","B","M",58,0,1,"GEJ","2A",1,"G1","1",0,1,33.86885246,24.68852459,"path90+CR-","G1-G3",0.233124667497072,0.396292583221964,-0.239163355198081,-0.0395283036119321,0.0801200492403529
"25","PathCR 0","M0830",34943,"Run08","MD043.022.11292018","Feces","MD043.022",14,"OnTX","first","first2","B","M",58,0,1,"GEJ","2A",1,"G1","1",0,1,33.86885246,24.68852459,"path90+CR-","G1-G3",-0.375598425441321,-0.0170185583197713,-0.0834692646787714,-0.0395283036119321,0.0801200492403529
"26","PathCR 0","M0839",36149,"Run08","MD043.028.06062019","Feces","MD043.028",0,"PreTX","first","first2","B","M",65,1,1,"esophagus","2B",1,"G2","0",0,0,26.62295082,26.62295082,"path90-CR-","G1-G3",0.125294252865034,-0.208840805636579,0.0266366102794665,-0.0395283036119321,0.0801200492403529
"27","PathCR 0","H0736",28669,"Run6.7","MD043.014.06212018","Feces","MD043.014",0,"PreTX","first","first2","A","M",73,0,2,"esophagus","2A",1,"G1","1",1,1,10.68852459,7.803278689,"path90+CR-","G1-G3",0.21659641820484,-0.312340423235722,0.258468150938143,-0.0395283036119321,0.0801200492403529
"28","PathCR 0","M0837",21931,"Run08","MD043.027.06132019","Feces","MD043.027",14,"OnTX","other","first2","B","M",68,1,1,"GEJ","2B",1,"G3","0",0,0,31.83606557,31.83606557,"path90-CR-","G1-G3",0.28935258007625,0.696804180440372,-0.162540765875959,-0.0395283036119321,0.0801200492403529
"29","PathCR 0","M0836",20899,"Run08","MD043.027.05302019","Feces","MD043.027",0,"PreTX","first","first2","B","M",68,1,1,"GEJ","2B",1,"G3","0",0,0,31.83606557,31.83606557,"path90-CR-","G1-G3",0.306958471667616,0.687540084828145,-0.204013288589921,-0.0395283036119321,0.0801200492403529
"30","PathCR 1","H0617",33872,"Run6.7","B16114.0048.02142018","Feces","MD043.006",0,"PreTX","first","first2","A","M",55,1,1,"esophagus","3A",1,"G0","1",1,1,42.36065574,35.40983607,"path90+CR+","G0",0.89054716869883,0.106439443594101,-0.187124455196389,0.0764213869830688,-0.154898761864682
"31","PathCR 1","H0601",42346,"Run6.7","B16114.0048.03012018","Feces","MD043.006",15,"OnTX","other","first2","A","M",55,1,1,"esophagus","3A",1,"G0","1",1,1,42.36065574,35.40983607,"path90+CR+","G0",0.531744356893308,-0.278472772474216,-0.0746847870592965,0.0764213869830688,-0.154898761864682
"32","PathCR 1","H0785",27695,"Run6.7","B16114.0036.11202017","Feces","MD043.003",32,"OnTX","other","first2","A","M",66,1,1,"esophagus","2B",1,"G0","1",0,0,47.96721311,47.96721311,"path90+CR+","G0",-0.137792276352026,0.158015591557248,-0.127897816485797,0.0764213869830688,-0.154898761864682
"33","PathCR 1","H0793",25840,"Run6.7","B16114.0036.11032017","Feces","MD043.003",15,"OnTX","first","first2","A","M",66,1,1,"esophagus","2B",1,"G0","1",0,0,47.96721311,47.96721311,"path90+CR+","G0",0.22417636315131,0.261952021212168,-0.165303382617407,0.0764213869830688,-0.154898761864682
"34","PathCR 1","M0829",20724,"Run08","MD043.019.11202018","Feces","MD043.019",28,"OnTX","first","first2","B","M",61,1,1,"esophagus","3B",1,"G0","1",0,0,29.80327869,29.80327869,"path90+CR+","G0",0.250013184514116,-0.114973926890193,0.029443620844197,0.0764213869830688,-0.154898761864682
"35","PathCR 1","H0757",14384,"Run6.7","B16114.0024.09072017","Feces","MD043.002",0,"PreTX","first","first2","A","M",63,0,1,"esophagus","2B",1,"G0","1",0,0,48.6557377,48.6557377,"path90+CR+","G0",0.245458367723112,-0.011666250758849,-0.340330897461184,0.0764213869830688,-0.154898761864682
"36","PathCR 1","H0638",34872,"Run6.7","MD043.012.05182018","Feces","MD043.012",0,"PreTX","first","first2","A","M",71,1,1,"esophagus","3B",1,"G0","1",0,0,43.08196721,43.08196721,"path90+CR+","G0",0.76997413732713,-0.256902561319858,0.191117270506915,0.0764213869830688,-0.154898761864682
"37","PathCR 1","J0109",63523,"Run15","J1714.PA009.037.04012021","Feces","PA009.037",0,"PreTX","first","first2","B2","M",59,1,1,"esophagus","3A",1,"G0","1",0,0,7.573770492,7.573770492,"path90+CR+","G0",-0.360947001560616,-0.285323104254598,-0.215147287429414,0.0764213869830688,-0.154898761864682
"38","PathCR 1","J0126",65514,"Run15","J1714.PA009.037.04152021","Feces","PA009.037",14,"OnTX","other","first2","B2","M",59,1,1,"esophagus","3A",1,"G0","1",0,0,7.573770492,7.573770492,"path90+CR+","G0",-0.115456537994718,-0.343126865898274,-0.25329425775019,0.0764213869830688,-0.154898761864682
"39","PathCR 1","H0849",36851,"Run6.7","B16114.0047.03222018","Feces","MD043.007",28,"OnTX","other","first2","A","M",66,0,1,"esophagus","3B",1,"G0","1",0,0,43.7704918,43.7704918,"path90+CR+","G0",-0.847642506288558,-0.272329034853309,-0.0606310795527656,0.0764213869830688,-0.154898761864682
"40","PathCR 1","H0682",37252,"Run6.7","MD043.015.07052018","Feces","MD043.015",0,"PreTX","first","first2","A","F",58,1,2,"esophagus","2A",1,"G0","1",0,0,39.44262295,39.44262295,"path90+CR+","G0",0.0833475022654341,-0.207193739867904,-0.194629450686801,0.0764213869830688,-0.154898761864682
"41","PathCR 1","H0838",36795,"Run6.7","B16114.0047.03072018","Feces","MD043.007",13,"OnTX","first","first2","A","M",66,0,1,"esophagus","3B",1,"G0","1",0,0,43.7704918,43.7704918,"path90+CR+","G0",-0.897415901361289,-0.315440786735854,-0.0643428176965994,0.0764213869830688,-0.154898761864682
"42","PathCR 1","H0823",21656,"Run6.7","B16114.0024.09212017","Feces","MD043.002",14,"OnTX","other","first2","A","M",63,0,1,"esophagus","2B",1,"G0","1",0,0,48.6557377,48.6557377,"path90+CR+","G0",0.257220072249834,0.0215877435142969,-0.297666190810857,0.0764213869830688,-0.154898761864682
"43","PathCR 1","H0667",38023,"Run6.7","MD043.015.07192018","Feces","MD043.015",14,"OnTX","other","first2","A","F",58,1,2,"esophagus","2A",1,"G0","1",0,0,39.44262295,39.44262295,"path90+CR+","G0",0.0960741700685868,-0.43015079888333,0.196641587482442,0.0764213869830688,-0.154898761864682
"44","PathCR 1","H0689",35679,"Run6.7","MD043.012.05312018","Feces","MD043.012",13,"OnTX","other","first2","A","M",71,1,1,"esophagus","3B",1,"G0","1",0,0,43.08196721,43.08196721,"path90+CR+","G0",0.157019705411578,-0.355896385911664,-0.0287326391587234,0.0764213869830688,-0.154898761864682
